Date,Temperature_C,Rainfall_mm,Humidity_percent
2021-01-01,30.0,1.1,86.3
2021-01-02,23.6,2.1,41.0
2021-01-03,31.5,0.1,63.8
2021-01-04,40.2,0.5,74.4
2021-01-05,22.7,12.9,76.1
2021-01-06,22.7,10.1,74.6
2021-01-07,40.8,0.0,46.7
2021-01-08,32.7,9.1,55.0
2021-01-09,20.3,3.1,57.9
2021-01-10,30.4,6.1,80.2
2021-01-11,20.4,1.8,53.9
2021-01-12,20.3,2.2,50.5
2021-01-13,27.4,2.0,87.9
2021-01-14,5.9,3.3,40.4
2021-01-15,7.8,0.5,89.9
2021-01-16,19.4,0.1,73.8
2021-01-17,14.9,1.1,81.4
2021-01-18,28.1,3.7,54.7
2021-01-19,15.9,0.7,40.7
2021-01-20,10.9,3.4,76.9
2021-01-21,39.7,10.5,81.7
2021-01-22,22.7,0.3,77.0
2021-01-23,25.7,3.3,47.1
2021-01-24,10.8,1.8,77.7
2021-01-25,19.6,6.1,78.4
2021-01-26,26.1,0.6,72.9
2021-01-27,13.5,3.5,78.3
2021-01-28,28.8,5.5,82.3
2021-01-29,19.0,8.7,70.7
2021-01-30,22.1,3.4,44.4
2021-01-31,19.0,2.1,64.4
2021-02-01,43.5,2.9,43.9
2021-02-02,24.9,6.1,60.4
2021-02-03,14.4,2.5,60.4
2021-02-04,33.2,0.1,43.3
2021-02-05,12.8,8.0,57.4
2021-02-06,27.1,3.5,45.5
2021-02-07,5.4,3.4,80.4
2021-02-08,11.7,0.7,87.4
2021-02-09,27.0,3.2,43.6
2021-02-10,32.4,1.5,87.8
2021-02-11,26.7,3.2,66.1
2021-02-12,23.8,0.3,55.0
2021-02-13,22.0,3.2,43.8
2021-02-14,10.2,22.3,65.0
2021-02-15,17.8,0.1,79.7
2021-02-16,20.4,11.3,75.4
2021-02-17,35.6,1.6,42.5
2021-02-18,28.4,6.1,43.6
2021-02-19,7.4,4.6,60.1
2021-02-20,28.2,2.5,54.8
2021-02-21,21.1,4.0,51.6
2021-02-22,18.2,6.3,54.1
2021-02-23,31.1,1.6,80.2
2021-02-24,35.3,1.2,86.5
2021-02-25,34.3,3.3,60.3
2021-02-26,16.6,4.9,85.3
2021-02-27,21.9,4.3,56.1
2021-02-28,28.3,4.8,63.8
2021-03-01,34.8,1.7,51.3
2021-03-02,20.2,5.1,72.0
2021-03-03,23.1,0.4,88.9
2021-03-04,13.9,2.4,70.2
2021-03-05,13.0,0.0,57.9
2021-03-06,33.1,1.2,72.4
2021-03-07,38.6,1.4,46.1
2021-03-08,24.3,1.5,84.4
2021-03-09,35.0,3.6,65.2
2021-03-10,28.6,1.5,62.5
2021-03-11,18.5,1.8,69.3
2021-03-12,28.6,0.8,71.2
2021-03-13,40.4,1.4,43.6
2021-03-14,24.6,0.8,74.1
2021-03-15,40.6,0.2,52.1
2021-03-16,-1.2,2.8,75.7
2021-03-17,33.2,3.3,81.1
2021-03-18,25.9,2.9,80.2
2021-03-19,22.0,1.9,67.6
2021-03-20,25.9,1.4,66.0
2021-03-21,5.1,6.0,47.1
2021-03-22,22.8,2.2,78.8
2021-03-23,28.6,2.0,53.6
2021-03-24,39.8,0.1,64.8
2021-03-25,19.8,1.3,54.2
2021-03-26,16.9,1.4,46.7
2021-03-27,20.0,1.5,71.5
2021-03-28,34.2,2.6,42.7
2021-03-29,28.3,2.3,77.4
2021-03-30,19.7,2.8,55.9
2021-03-31,30.1,4.3,40.0
2021-04-01,26.0,5.0,65.6
2021-04-02,34.7,3.8,42.3
2021-04-03,18.0,9.3,53.8
2021-04-04,21.7,0.1,75.3
2021-04-05,21.1,0.7,43.1
2021-04-06,10.4,0.0,82.0
2021-04-07,28.0,3.1,40.2
2021-04-08,27.6,6.8,52.3
2021-04-09,25.1,0.8,77.0
2021-04-10,22.7,7.9,55.8
2021-04-11,10.8,0.2,45.1
2021-04-12,20.8,8.2,58.0
2021-04-13,21.6,1.3,53.5
2021-04-14,17.0,0.3,82.1
2021-04-15,23.4,2.0,55.7
2021-04-16,29.0,0.9,79.4
2021-04-17,43.9,1.0,84.6
2021-04-18,26.7,1.1,61.7
2021-04-19,27.6,4.9,85.5
2021-04-20,24.3,2.3,58.9
2021-04-21,5.8,1.1,88.2
2021-04-22,24.7,2.8,44.5
2021-04-23,25.6,3.8,74.4
2021-04-24,49.6,1.0,64.7
2021-04-25,23.1,1.6,59.4
2021-04-26,28.0,0.4,71.6
2021-04-27,24.7,0.6,75.2
2021-04-28,13.3,3.4,40.2
2021-04-29,36.4,0.6,48.3
2021-04-30,32.5,2.2,75.7
2021-05-01,32.9,3.7,73.3
2021-05-02,15.9,0.3,88.3
2021-05-03,39.0,2.5,78.1
2021-05-04,11.0,0.9,87.5
2021-05-05,30.9,9.9,75.1
2021-05-06,46.9,2.0,54.9
2021-05-07,15.1,4.9,45.3
2021-05-08,19.3,2.4,79.1
2021-05-09,26.0,0.1,72.2
2021-05-10,20.0,3.0,42.4
2021-05-11,9.5,9.1,58.0
2021-05-12,25.7,2.8,87.8
2021-05-13,14.4,5.1,65.0
2021-05-14,29.7,6.5,61.6
2021-05-15,15.8,0.8,62.9
2021-05-16,40.5,0.7,50.4
2021-05-17,17.2,2.8,58.4
2021-05-18,21.8,1.6,58.5
2021-05-19,33.1,5.5,42.6
2021-05-20,12.7,6.9,78.4
2021-05-21,27.3,1.3,60.8
2021-05-22,38.1,0.8,81.1
2021-05-23,8.9,4.5,82.5
2021-05-24,26.8,1.0,50.6
2021-05-25,27.6,5.2,72.9
2021-05-26,32.8,1.7,63.6
2021-05-27,12.6,3.3,84.0
2021-05-28,11.8,0.3,50.8
2021-05-29,30.2,2.9,73.9
2021-05-30,28.0,1.8,70.4
2021-05-31,27.5,2.7,54.8
2021-06-01,28.5,0.6,46.8
2021-06-02,18.2,4.0,72.6
2021-06-03,27.3,6.0,76.9
2021-06-04,27.9,0.7,55.8
2021-06-05,17.9,0.3,72.2
2021-06-06,43.7,0.1,59.8
2021-06-07,29.7,3.1,75.7
2021-06-08,13.1,2.8,50.0
2021-06-09,31.6,2.4,84.5
2021-06-10,15.3,0.8,54.4
2021-06-11,32.9,1.5,58.4
2021-06-12,36.6,2.7,42.9
2021-06-13,16.8,2.1,45.6
2021-06-14,34.6,13.2,65.8
2021-06-15,29.1,0.4,53.4
2021-06-16,33.2,3.6,81.8
2021-06-17,44.0,1.6,40.7
2021-06-18,22.5,1.7,59.0
2021-06-19,17.5,3.8,56.9
2021-06-20,16.1,3.5,41.0
2021-06-21,16.8,14.2,46.2
2021-06-22,24.2,0.4,60.7
2021-06-23,28.4,0.3,64.6
2021-06-24,27.8,3.9,60.2
2021-06-25,33.3,2.6,66.5
2021-06-26,25.1,1.0,69.8
2021-06-27,39.5,0.2,40.5
2021-06-28,22.4,0.3,63.2
2021-06-29,52.2,6.7,88.2
2021-06-30,31.3,0.6,66.0
2021-07-01,16.4,1.2,73.9
2021-07-02,14.3,0.8,55.6
2021-07-03,29.8,1.3,78.7
2021-07-04,22.8,0.2,78.6
2021-07-05,32.1,2.2,66.1
2021-07-06,29.7,0.2,88.8
2021-07-07,24.3,4.8,46.3
2021-07-08,16.5,0.8,40.8
2021-07-09,9.9,2.3,78.5
2021-07-10,20.5,6.4,80.4
2021-07-11,33.6,3.2,46.0
2021-07-12,27.1,2.3,53.3
2021-07-13,12.5,1.2,40.9
2021-07-14,26.7,1.2,54.7
2021-07-15,28.9,3.3,78.7
2021-07-16,16.2,15.4,65.9
2021-07-17,26.5,3.3,57.4
2021-07-18,25.6,2.4,58.6
2021-07-19,13.6,3.9,40.1
2021-07-20,28.6,1.9,55.0
2021-07-21,30.6,0.2,72.3
2021-07-22,35.8,2.5,88.7
2021-07-23,35.5,9.5,82.4
2021-07-24,11.2,0.6,41.2
2021-07-25,15.6,3.5,84.9
2021-07-26,30.2,0.7,79.2
2021-07-27,30.1,2.3,79.0
2021-07-28,30.2,0.3,62.9
2021-07-29,63.5,1.8,59.9
2021-07-30,30.7,4.2,55.1
2021-07-31,36.4,1.3,43.3
2021-08-01,34.5,3.3,51.4
2021-08-02,31.5,4.8,52.3
2021-08-03,21.8,7.9,64.2
2021-08-04,32.6,0.8,77.4
2021-08-05,17.3,1.5,63.7
2021-08-06,22.6,0.5,42.9
2021-08-07,20.1,14.7,87.9
2021-08-08,25.8,7.9,87.1
2021-08-09,48.1,2.3,79.3
2021-08-10,6.3,5.5,89.6
2021-08-11,31.9,2.2,67.2
2021-08-12,8.9,2.9,88.1
2021-08-13,20.3,0.3,43.8
2021-08-14,35.9,4.2,58.3
2021-08-15,25.6,0.4,51.3
2021-08-16,14.2,5.2,49.8
2021-08-17,17.8,4.6,47.0
2021-08-18,31.8,3.7,71.1
2021-08-19,17.7,0.1,79.1
2021-08-20,27.2,1.1,68.9
2021-08-21,25.5,0.9,47.3
2021-08-22,18.5,1.3,80.6
2021-08-23,46.4,0.3,71.8
2021-08-24,31.3,8.3,59.4
2021-08-25,4.7,2.4,73.7
2021-08-26,26.9,1.1,53.0
2021-08-27,18.4,1.5,57.3
2021-08-28,33.5,1.8,85.9
2021-08-29,17.1,2.8,54.5
2021-08-30,23.9,2.2,63.5
2021-08-31,30.0,7.6,84.5
2021-09-01,33.7,2.1,75.4
2021-09-02,13.0,14.5,43.1
2021-09-03,21.7,5.7,47.4
2021-09-04,20.3,0.7,40.4
2021-09-05,18.5,8.0,71.5
2021-09-06,42.7,0.4,62.4
2021-09-07,29.0,5.1,46.7
2021-09-08,12.4,1.4,87.9
2021-09-09,34.2,6.3,66.5
2021-09-10,46.2,6.1,52.1
2021-09-11,35.3,4.9,65.0
2021-09-12,9.8,4.7,74.0
2021-09-13,20.2,1.1,43.8
2021-09-14,37.7,0.3,53.7
2021-09-15,17.9,1.5,80.3
2021-09-16,29.4,0.6,63.0
2021-09-17,32.7,3.6,67.3
2021-09-18,15.7,1.3,61.6
2021-09-19,24.4,11.1,42.2
2021-09-20,-7.4,3.1,48.3
2021-09-21,14.8,5.2,62.3
2021-09-22,22.5,0.4,50.5
2021-09-23,12.5,5.9,42.5
2021-09-24,41.3,7.7,82.2
2021-09-25,10.7,2.0,89.1
2021-09-26,20.6,2.8,79.7
2021-09-27,26.3,4.3,82.7
2021-09-28,39.4,0.6,52.1
2021-09-29,10.6,2.1,88.0
2021-09-30,36.6,1.5,49.8
2021-10-01,25.1,0.5,87.6
2021-10-02,15.2,1.4,89.7
2021-10-03,29.6,0.2,75.6
2021-10-04,27.0,0.1,89.1
2021-10-05,19.0,0.4,68.5
2021-10-06,25.7,9.9,53.0
2021-10-07,21.1,2.4,61.8
2021-10-08,26.1,10.1,69.7
2021-10-09,31.6,1.7,43.7
2021-10-10,40.9,1.1,71.1
2021-10-11,12.6,2.1,89.1
2021-10-12,46.3,1.7,49.5
2021-10-13,5.5,0.3,79.6
2021-10-14,23.5,3.1,85.4
2021-10-15,30.9,0.7,87.2
2021-10-16,27.8,2.9,88.0
2021-10-17,18.8,3.2,66.1
2021-10-18,22.9,0.5,88.9
2021-10-19,20.1,0.2,77.9
2021-10-20,19.1,4.6,48.1
2021-10-21,33.5,1.8,63.8
2021-10-22,28.6,0.2,75.9
2021-10-23,18.1,15.8,52.4
2021-10-24,34.0,0.2,72.0
2021-10-25,28.1,3.6,73.3
2021-10-26,33.1,12.3,48.1
2021-10-27,31.3,0.8,68.3
2021-10-28,16.7,0.5,78.6
2021-10-29,19.4,0.4,64.9
2021-10-30,32.5,1.1,40.6
2021-10-31,31.1,0.3,40.5
2021-11-01,24.8,3.5,57.9
2021-11-02,26.2,0.2,86.3
2021-11-03,37.8,2.1,51.4
2021-11-04,19.1,17.1,71.7
2021-11-05,30.5,5.0,51.1
2021-11-06,23.0,2.9,56.1
2021-11-07,22.8,1.1,82.4
2021-11-08,36.0,2.9,76.4
2021-11-09,33.3,2.2,44.8
2021-11-10,33.1,1.7,61.4
2021-11-11,38.1,0.4,41.5
2021-11-12,25.2,6.5,64.0
2021-11-13,31.8,1.8,73.1
2021-11-14,21.9,0.6,45.9
2021-11-15,28.2,1.4,54.4
2021-11-16,23.7,1.6,59.9
2021-11-17,26.0,5.3,86.0
2021-11-18,31.0,4.0,89.7
2021-11-19,16.8,4.4,42.2
2021-11-20,45.9,0.0,78.1
2021-11-21,14.9,1.6,58.6
2021-11-22,12.9,2.0,59.6
2021-11-23,36.6,0.1,77.7
2021-11-24,32.9,0.9,85.9
2021-11-25,31.2,4.3,87.5
2021-11-26,31.3,0.4,68.9
2021-11-27,24.9,2.3,57.9
2021-11-28,16.0,0.7,79.4
2021-11-29,25.8,0.0,52.6
2021-11-30,18.2,0.8,68.2
2021-12-01,34.8,11.2,57.9
2021-12-02,23.5,4.9,72.8
2021-12-03,16.7,9.6,52.0
2021-12-04,21.8,2.0,49.6
2021-12-05,29.1,0.3,85.9
2021-12-06,19.4,2.4,45.1
2021-12-07,16.8,1.8,65.3
2021-12-08,27.4,5.6,51.0
2021-12-09,27.4,0.3,41.9
2021-12-10,19.9,2.0,41.8
2021-12-11,20.3,0.5,48.8
2021-12-12,27.3,1.2,83.3
2021-12-13,10.5,4.0,54.1
2021-12-14,10.9,1.9,87.5
2021-12-15,17.8,1.4,69.1
2021-12-16,22.9,1.5,61.8
2021-12-17,28.1,1.8,69.0
2021-12-18,39.8,4.6,65.8
2021-12-19,33.6,6.7,77.9
2021-12-20,23.4,9.3,54.1
2021-12-21,24.8,4.6,57.7
2021-12-22,15.0,1.1,84.7
2021-12-23,24.8,3.5,87.3
2021-12-24,22.1,1.7,84.6
2021-12-25,28.2,0.9,61.0
2021-12-26,16.7,5.5,79.0
2021-12-27,30.2,0.1,63.8
2021-12-28,40.3,7.0,64.9
2021-12-29,23.9,1.9,50.2
2021-12-30,29.0,3.0,69.6
2021-12-31,31.9,3.2,49.3
2022-01-01,21.0,6.8,56.6
2022-01-02,27.2,3.0,82.8
2022-01-03,25.1,2.9,50.4
2022-01-04,26.0,0.2,43.6
2022-01-05,17.3,2.2,43.5
2022-01-06,25.2,0.5,87.0
2022-01-07,30.0,4.0,65.3
2022-01-08,39.5,2.2,60.5
2022-01-09,34.6,3.4,80.5
2022-01-10,46.5,0.1,81.8
2022-01-11,17.3,0.3,56.6
2022-01-12,33.7,3.8,74.7
2022-01-13,26.8,0.2,78.6
2022-01-14,46.9,0.2,72.7
2022-01-15,16.9,0.0,47.6
2022-01-16,16.6,9.4,83.8
2022-01-17,19.0,4.0,67.0
2022-01-18,3.8,1.3,54.1
2022-01-19,19.7,1.1,61.3
2022-01-20,17.4,1.3,41.9
2022-01-21,26.5,4.5,46.4
2022-01-22,28.4,3.2,78.3
2022-01-23,43.8,0.6,40.0
2022-01-24,34.5,0.6,60.8
2022-01-25,19.2,0.3,66.1
2022-01-26,16.0,3.2,42.7
2022-01-27,29.9,4.3,88.7
2022-01-28,11.8,0.9,51.3
2022-01-29,43.3,0.1,55.2
2022-01-30,36.8,0.3,55.2
2022-01-31,20.3,10.3,51.5
2022-02-01,7.9,1.1,40.1
2022-02-02,38.5,4.4,76.5
2022-02-03,23.9,2.9,88.3
2022-02-04,37.4,1.4,51.2
2022-02-05,9.1,0.7,73.2
2022-02-06,19.0,0.4,77.1
2022-02-07,25.1,2.9,82.4
2022-02-08,25.5,4.5,61.1
2022-02-09,20.5,3.1,55.1
2022-02-10,31.2,2.3,56.3
2022-02-11,14.3,0.1,75.6
2022-02-12,23.6,10.4,80.8
2022-02-13,26.2,4.8,49.1
2022-02-14,30.1,1.0,58.5
2022-02-15,32.1,11.7,85.1
2022-02-16,13.8,2.8,80.3
2022-02-17,9.7,2.6,89.2
2022-02-18,37.8,4.1,77.7
2022-02-19,28.3,5.0,59.7
2022-02-20,17.5,3.2,69.5
2022-02-21,40.5,0.4,73.1
2022-02-22,26.2,1.2,43.9
2022-02-23,36.8,7.9,67.2
2022-02-24,25.7,0.8,75.5
2022-02-25,45.6,1.4,48.4
2022-02-26,42.6,1.7,79.0
2022-02-27,22.5,1.7,69.2
2022-02-28,34.7,2.8,87.6
2022-03-01,31.5,8.6,42.1
2022-03-02,38.7,0.8,53.3
2022-03-03,15.4,0.4,70.1
2022-03-04,31.9,0.7,54.8
2022-03-05,35.6,6.5,75.7
2022-03-06,7.4,3.1,78.0
2022-03-07,13.2,1.0,45.1
2022-03-08,4.6,5.1,65.7
2022-03-09,22.3,5.9,65.4
2022-03-10,32.2,5.6,58.5
2022-03-11,40.0,7.5,86.6
2022-03-12,25.7,0.9,81.4
2022-03-13,41.3,4.2,74.9
2022-03-14,11.2,1.9,75.7
2022-03-15,8.0,5.5,63.1
2022-03-16,24.4,3.9,86.0
2022-03-17,28.8,4.5,74.7
2022-03-18,24.7,3.2,76.4
2022-03-19,4.3,0.6,83.1
2022-03-20,24.1,2.4,53.7
2022-03-21,12.0,12.5,80.4
2022-03-22,31.7,8.3,49.8
2022-03-23,28.7,0.1,57.3
2022-03-24,15.6,0.5,56.8
2022-03-25,19.9,0.4,88.9
2022-03-26,14.4,3.9,82.8
2022-03-27,24.4,5.1,75.1
2022-03-28,34.6,0.7,76.4
2022-03-29,15.1,2.1,68.1
2022-03-30,30.0,5.5,87.4
2022-03-31,19.7,4.0,64.8
2022-04-01,17.1,2.3,59.0
2022-04-02,23.9,2.7,48.2
2022-04-03,14.6,2.1,79.3
2022-04-04,19.5,1.1,76.7
2022-04-05,13.0,2.5,59.2
2022-04-06,44.6,3.5,41.3
2022-04-07,25.4,6.2,81.9
2022-04-08,18.0,3.0,40.6
2022-04-09,27.1,4.3,75.2
2022-04-10,23.9,0.5,88.5
2022-04-11,22.8,1.9,61.9
2022-04-12,31.1,0.0,51.7
2022-04-13,32.6,0.8,75.2
2022-04-14,19.7,3.9,80.9
2022-04-15,19.2,14.4,67.3
2022-04-16,22.2,0.3,88.4
2022-04-17,2.0,1.5,42.6
2022-04-18,9.8,4.8,65.2
2022-04-19,38.7,0.7,75.9
2022-04-20,41.4,2.4,83.1
2022-04-21,22.5,4.0,49.0
2022-04-22,30.8,2.9,80.0
2022-04-23,28.1,0.6,67.6
2022-04-24,55.8,1.3,59.8
2022-04-25,36.2,4.6,46.6
2022-04-26,23.7,2.4,83.3
2022-04-27,15.4,0.0,47.9
2022-04-28,8.9,4.3,55.5
2022-04-29,27.0,0.1,54.5
2022-04-30,17.4,4.1,83.6
2022-05-01,10.8,0.7,73.6
2022-05-02,18.5,9.5,79.8
2022-05-03,14.2,1.4,52.5
2022-05-04,41.9,1.2,71.2
2022-05-05,33.8,0.5,68.6
2022-05-06,24.9,1.1,81.6
2022-05-07,39.8,6.3,85.3
2022-05-08,25.8,16.8,40.6
2022-05-09,16.4,1.4,73.7
2022-05-10,40.2,1.8,42.6
2022-05-11,30.4,3.8,67.4
2022-05-12,14.6,6.5,54.4
2022-05-13,23.1,2.7,55.3
2022-05-14,16.2,1.5,57.6
2022-05-15,11.2,1.6,71.1
2022-05-16,34.3,3.6,56.7
2022-05-17,44.1,0.0,76.6
2022-05-18,11.0,2.9,60.2
2022-05-19,30.6,1.3,43.4
2022-05-20,18.5,4.7,79.2
2022-05-21,20.1,0.3,54.3
2022-05-22,19.1,2.7,61.6
2022-05-23,16.4,2.0,74.3
2022-05-24,25.5,3.1,56.6
2022-05-25,16.7,0.2,42.8
2022-05-26,27.7,2.6,58.7
2022-05-27,24.5,2.5,87.2
2022-05-28,22.6,2.5,72.1
2022-05-29,15.9,2.8,73.6
2022-05-30,19.2,3.4,71.6
2022-05-31,32.6,4.9,49.9
2022-06-01,30.0,0.9,60.9
2022-06-02,15.2,5.2,77.5
2022-06-03,26.0,2.1,45.1
2022-06-04,32.5,0.2,53.9
2022-06-05,8.3,0.2,53.8
2022-06-06,30.4,1.2,61.6
2022-06-07,18.4,4.6,89.0
2022-06-08,30.7,3.7,43.4
2022-06-09,17.4,4.7,65.9
2022-06-10,7.0,2.2,49.0
2022-06-11,8.7,1.7,88.5
2022-06-12,25.5,0.5,45.7
2022-06-13,27.6,1.2,60.2
2022-06-14,16.0,1.7,76.9
2022-06-15,31.4,0.3,75.2
2022-06-16,8.4,0.7,61.1
2022-06-17,24.3,2.7,57.3
2022-06-18,12.9,4.0,59.9
2022-06-19,18.5,19.2,53.2
2022-06-20,25.5,8.1,50.3
2022-06-21,16.4,3.1,64.2
2022-06-22,21.2,1.6,53.4
2022-06-23,35.1,3.0,54.4
2022-06-24,19.2,4.6,72.8
2022-06-25,33.4,0.4,88.4
2022-06-26,13.7,1.6,70.2
2022-06-27,30.3,5.5,43.8
2022-06-28,39.4,1.5,43.8
2022-06-29,0.3,2.5,87.6
2022-06-30,17.0,2.7,54.9
2022-07-01,30.8,0.6,44.6
2022-07-02,23.0,1.3,70.0
2022-07-03,28.7,1.2,71.2
2022-07-04,19.0,0.1,72.4
2022-07-05,25.9,0.1,53.4
2022-07-06,23.4,5.3,40.8
2022-07-07,36.7,1.0,88.3
2022-07-08,27.5,2.2,52.5
2022-07-09,28.4,1.1,73.8
2022-07-10,20.9,8.5,75.3
2022-07-11,20.1,0.9,70.5
2022-07-12,20.7,1.7,55.6
2022-07-13,28.9,6.2,53.6
2022-07-14,20.8,5.5,69.9
2022-07-15,27.9,0.6,83.3
2022-07-16,45.8,4.9,87.3
2022-07-17,33.7,1.8,45.3
2022-07-18,21.7,2.0,47.7
2022-07-19,37.0,0.4,87.2
2022-07-20,20.9,0.3,76.8
2022-07-21,4.6,3.9,84.1
2022-07-22,14.9,2.1,50.1
2022-07-23,6.3,1.7,69.4
2022-07-24,21.5,3.9,75.1
2022-07-25,25.2,4.4,74.0
2022-07-26,41.8,0.5,60.4
2022-07-27,28.3,2.8,40.8
2022-07-28,22.8,0.4,69.1
2022-07-29,33.3,4.2,52.7
2022-07-30,2.9,3.2,62.5
2022-07-31,27.4,9.4,87.9
2022-08-01,32.7,0.2,60.0
2022-08-02,10.2,0.2,82.0
2022-08-03,36.4,1.0,49.4
2022-08-04,28.4,0.9,73.6
2022-08-05,20.8,0.9,88.9
2022-08-06,31.3,7.1,45.1
2022-08-07,47.7,0.9,40.4
2022-08-08,26.8,1.0,61.7
2022-08-09,27.5,4.3,44.6
2022-08-10,20.4,1.8,77.4
2022-08-11,16.5,4.5,85.7
2022-08-12,33.3,0.2,61.7
2022-08-13,16.4,2.0,52.9
2022-08-14,25.7,0.1,61.7
2022-08-15,20.2,0.2,76.2
2022-08-16,29.8,7.1,40.5
2022-08-17,28.3,0.4,69.5
2022-08-18,35.4,2.3,70.7
2022-08-19,19.9,1.6,71.9
2022-08-20,22.3,1.3,52.1
2022-08-21,15.2,6.9,75.7
2022-08-22,20.6,0.1,44.6
2022-08-23,28.8,3.3,50.0
2022-08-24,32.6,9.9,83.9
2022-08-25,15.8,2.5,76.9
2022-08-26,33.7,8.3,40.7
2022-08-27,38.6,0.2,52.4
2022-08-28,29.1,1.6,50.7
2022-08-29,43.8,0.9,53.5
2022-08-30,17.3,3.9,52.4
2022-08-31,12.6,11.9,43.1
2022-09-01,7.2,0.9,62.9
2022-09-02,40.0,3.2,76.6
2022-09-03,31.5,0.7,70.3
2022-09-04,24.4,2.5,73.6
2022-09-05,27.8,1.9,44.1
2022-09-06,13.7,10.7,87.6
2022-09-07,49.5,2.8,81.9
2022-09-08,26.3,1.3,80.3
2022-09-09,26.1,0.4,81.1
2022-09-10,32.3,0.5,86.6
2022-09-11,29.8,0.8,67.2
2022-09-12,27.2,0.9,50.0
2022-09-13,17.1,5.7,70.8
2022-09-14,29.7,2.5,77.1
2022-09-15,43.8,2.2,76.9
2022-09-16,38.5,0.4,66.1
2022-09-17,40.9,5.9,43.4
2022-09-18,19.9,3.8,58.6
2022-09-19,15.1,0.2,86.0
2022-09-20,23.7,3.7,69.2
2022-09-21,25.6,2.4,66.9
2022-09-22,35.9,0.3,53.4
2022-09-23,8.1,1.8,58.4
2022-09-24,40.3,2.0,84.8
2022-09-25,23.4,0.5,73.3
2022-09-26,20.7,8.7,79.4
2022-09-27,14.9,5.7,62.7
2022-09-28,8.5,3.3,71.5
2022-09-29,33.2,1.9,52.4
2022-09-30,25.7,1.6,75.3
2022-10-01,12.1,3.2,61.4
2022-10-02,12.0,2.4,62.1
2022-10-03,21.6,0.2,72.5
2022-10-04,41.7,2.2,86.8
2022-10-05,22.4,4.9,43.2
2022-10-06,10.0,1.8,81.2
2022-10-07,22.5,0.2,54.6
2022-10-08,22.3,4.6,62.2
2022-10-09,-2.0,0.7,41.1
2022-10-10,24.5,0.9,55.1
2022-10-11,22.7,0.5,65.1
2022-10-12,32.0,1.2,42.8
2022-10-13,43.5,4.2,64.6
2022-10-14,36.3,2.2,86.4
2022-10-15,22.3,0.7,45.3
2022-10-16,13.9,6.3,78.2
2022-10-17,50.7,6.4,60.5
2022-10-18,25.6,6.1,72.8
2022-10-19,25.1,0.8,53.0
2022-10-20,24.8,1.8,48.0
2022-10-21,27.0,12.6,48.0
2022-10-22,23.6,4.4,43.5
2022-10-23,19.3,0.1,49.3
2022-10-24,19.5,0.2,73.2
2022-10-25,24.7,1.9,84.1
2022-10-26,19.6,7.2,80.7
2022-10-27,17.9,2.3,74.3
2022-10-28,26.1,2.1,45.5
2022-10-29,22.5,0.3,54.5
2022-10-30,40.0,3.2,55.5
2022-10-31,-1.5,5.2,52.5
2022-11-01,35.9,1.4,65.8
2022-11-02,37.5,4.5,66.8
2022-11-03,4.3,10.0,57.8
2022-11-04,21.6,0.7,57.7
2022-11-05,21.3,2.2,81.4
2022-11-06,10.9,1.0,79.5
2022-11-07,17.2,4.7,55.4
2022-11-08,13.9,2.6,85.7
2022-11-09,42.5,3.0,87.6
2022-11-10,34.4,4.8,56.3
2022-11-11,37.7,1.5,57.7
2022-11-12,32.2,7.4,65.3
2022-11-13,13.7,2.3,87.1
2022-11-14,19.8,0.5,83.8
2022-11-15,29.9,3.6,45.1
2022-11-16,12.8,4.7,59.6
2022-11-17,32.1,1.1,67.7
2022-11-18,22.6,5.8,65.2
2022-11-19,21.3,7.1,49.7
2022-11-20,32.1,1.0,82.9
2022-11-21,29.4,12.3,73.8
2022-11-22,21.4,0.5,81.9
2022-11-23,36.6,0.7,82.9
2022-11-24,14.2,0.6,77.4
2022-11-25,31.2,6.7,62.0
2022-11-26,30.9,3.2,70.5
2022-11-27,21.9,0.5,48.0
2022-11-28,28.3,1.7,73.7
2022-11-29,12.5,2.9,49.0
2022-11-30,34.2,0.3,74.7
2022-12-01,23.2,6.4,51.5
2022-12-02,19.8,4.9,45.9
2022-12-03,35.5,2.1,48.3
2022-12-04,18.0,10.2,40.1
2022-12-05,10.9,1.6,75.9
2022-12-06,9.4,12.4,76.6
2022-12-07,31.1,3.3,65.7
2022-12-08,12.2,3.0,48.1
2022-12-09,42.5,0.5,44.2
2022-12-10,4.2,6.4,41.0
2022-12-11,42.0,1.7,48.3
2022-12-12,27.1,0.5,84.5
2022-12-13,24.0,0.0,52.1
2022-12-14,19.6,2.5,57.7
2022-12-15,29.0,2.2,45.3
2022-12-16,24.6,3.8,51.1
2022-12-17,36.0,6.6,66.0
2022-12-18,26.1,0.2,70.4
2022-12-19,26.5,3.9,52.3
2022-12-20,21.4,0.6,42.9
2022-12-21,24.4,5.9,59.6
2022-12-22,28.1,5.1,51.7
2022-12-23,7.9,2.3,51.0
2022-12-24,11.5,3.7,88.0
2022-12-25,32.4,1.1,70.8
2022-12-26,26.7,1.9,67.8
2022-12-27,23.2,5.2,60.8
2022-12-28,25.2,1.8,61.4
2022-12-29,28.5,1.3,67.0
2022-12-30,19.6,2.0,74.8
2022-12-31,17.2,5.3,75.1
2023-01-01,27.0,1.2,48.6
2023-01-02,15.2,0.6,65.0
2023-01-03,29.1,3.7,60.6
2023-01-04,8.0,5.2,83.5
2023-01-05,35.3,0.3,71.6
2023-01-06,29.7,0.8,66.6
2023-01-07,27.6,0.5,45.8
2023-01-08,34.8,1.3,70.3
2023-01-09,41.7,1.8,45.9
2023-01-10,35.1,4.1,56.9
2023-01-11,6.6,3.2,47.1
2023-01-12,12.2,2.9,74.6
2023-01-13,18.8,1.3,50.3
2023-01-14,25.3,5.5,59.6
2023-01-15,30.2,1.9,84.8
2023-01-16,17.7,11.6,50.2
2023-01-17,26.9,3.0,65.4
2023-01-18,17.4,0.4,61.0
2023-01-19,18.9,3.4,40.9
2023-01-20,10.9,1.2,79.6
2023-01-21,15.8,3.5,43.5
2023-01-22,11.5,0.2,63.7
2023-01-23,15.2,0.6,68.0
2023-01-24,35.5,5.8,71.4
2023-01-25,15.5,0.8,74.4
2023-01-26,51.3,5.4,52.7
2023-01-27,29.9,1.0,40.5
2023-01-28,26.8,3.1,76.2
2023-01-29,16.4,3.6,66.8
2023-01-30,32.0,2.2,81.8
2023-01-31,19.2,1.1,81.1
2023-02-01,26.2,0.7,82.2
2023-02-02,50.6,0.1,64.3
2023-02-03,24.0,1.1,56.7
2023-02-04,36.5,3.2,79.6
2023-02-05,18.0,8.4,62.6
2023-02-06,24.7,6.1,49.2
2023-02-07,42.7,4.4,82.7
2023-02-08,18.7,4.7,84.1
2023-02-09,43.1,3.3,63.3
2023-02-10,32.1,0.9,43.8
2023-02-11,19.4,7.1,59.4
2023-02-12,31.3,3.3,80.2
2023-02-13,34.7,2.5,85.1
2023-02-14,31.2,0.4,50.2
2023-02-15,9.3,1.8,43.3
2023-02-16,17.7,1.9,83.9
2023-02-17,22.5,6.0,59.5
2023-02-18,24.3,2.4,67.1
2023-02-19,31.2,1.4,88.4
2023-02-20,26.8,11.3,43.3
2023-02-21,11.6,0.4,72.4
2023-02-22,28.8,1.6,43.7
2023-02-23,31.1,0.1,58.8
2023-02-24,30.6,4.0,80.2
2023-02-25,35.8,7.5,61.7
2023-02-26,33.3,1.0,89.9
2023-02-27,29.6,5.9,68.0
2023-02-28,24.3,1.0,56.1
2023-03-01,8.4,7.2,51.0
2023-03-02,29.3,4.2,57.5
2023-03-03,27.1,4.9,58.6
2023-03-04,27.7,0.1,43.4
2023-03-05,12.2,9.9,58.5
2023-03-06,14.2,3.9,63.2
2023-03-07,35.5,1.1,76.1
2023-03-08,24.6,5.3,72.8
2023-03-09,31.8,1.0,75.4
2023-03-10,25.3,6.2,40.4
2023-03-11,25.3,0.4,50.9
2023-03-12,34.4,3.6,73.1
2023-03-13,19.8,2.3,64.2
2023-03-14,26.0,0.3,40.3
2023-03-15,20.4,0.8,80.2
2023-03-16,20.7,0.0,78.6
2023-03-17,21.9,1.9,67.4
2023-03-18,27.2,1.1,43.3
2023-03-19,20.2,2.7,78.3
2023-03-20,37.6,1.1,69.2
2023-03-21,16.1,1.1,79.1
2023-03-22,23.1,4.1,77.6
2023-03-23,20.6,0.1,80.2
2023-03-24,39.5,7.0,65.9
2023-03-25,27.0,5.7,47.0
2023-03-26,35.3,3.3,73.6
2023-03-27,10.1,2.7,71.0
2023-03-28,27.7,6.7,77.1
2023-03-29,33.9,0.6,48.5
2023-03-30,25.8,0.2,49.7
2023-03-31,35.7,0.8,84.5
2023-04-01,19.8,4.7,77.5
2023-04-02,39.1,0.1,85.4
2023-04-03,48.0,2.6,77.9
2023-04-04,21.4,16.2,69.9
2023-04-05,20.5,5.8,72.7
2023-04-06,39.5,2.2,84.5
2023-04-07,40.8,0.2,68.9
2023-04-08,19.8,5.3,71.6
2023-04-09,20.8,2.7,47.8
2023-04-10,22.2,0.4,63.7
2023-04-11,11.6,0.3,75.8
2023-04-12,15.8,7.2,53.5
2023-04-13,15.0,3.3,50.1
2023-04-14,17.3,5.3,55.7
2023-04-15,24.7,6.3,52.1
2023-04-16,27.3,2.5,50.7
2023-04-17,40.5,2.2,61.2
2023-04-18,15.0,1.7,85.4
2023-04-19,34.8,1.1,65.4
2023-04-20,22.9,1.7,49.4
2023-04-21,24.5,4.5,43.8
2023-04-22,31.7,2.8,74.8
2023-04-23,13.8,6.7,59.1
2023-04-24,28.8,1.8,81.1
2023-04-25,26.7,2.8,73.0
2023-04-26,29.9,3.0,79.8
2023-04-27,27.9,2.7,53.6
2023-04-28,49.6,3.6,74.6
2023-04-29,18.6,0.8,53.2
2023-04-30,19.7,2.2,87.0
2023-05-01,18.8,0.3,71.8
2023-05-02,19.4,1.5,56.2
2023-05-03,18.6,2.0,53.5
2023-05-04,36.9,3.2,49.5
2023-05-05,39.2,9.0,74.7
2023-05-06,19.3,2.8,50.9
2023-05-07,16.7,4.1,69.8
2023-05-08,29.7,2.1,53.2
2023-05-09,19.5,3.0,73.1
2023-05-10,31.3,0.2,80.7
2023-05-11,27.0,0.9,78.9
2023-05-12,9.8,1.3,78.0
2023-05-13,40.5,1.9,49.4
2023-05-14,43.0,0.1,44.4
2023-05-15,18.9,0.5,74.9
2023-05-16,21.1,1.0,58.4
2023-05-17,27.9,10.7,61.6
2023-05-18,28.3,1.2,41.6
2023-05-19,31.6,2.0,53.0
2023-05-20,45.1,0.7,41.7
2023-05-21,23.2,2.8,84.0
2023-05-22,17.0,1.0,52.2
2023-05-23,11.2,0.7,67.9
2023-05-24,17.7,2.2,41.9
2023-05-25,24.7,0.0,73.3
2023-05-26,42.9,0.0,56.2
2023-05-27,19.8,0.7,84.9
2023-05-28,27.2,0.1,84.4
2023-05-29,24.8,0.3,56.3
2023-05-30,36.9,1.2,85.0
2023-05-31,50.3,4.9,89.8
2023-06-01,19.7,2.5,81.3
2023-06-02,20.1,2.2,82.2
2023-06-03,35.4,1.0,52.5
2023-06-04,31.8,8.1,68.8
2023-06-05,43.5,1.5,43.4
2023-06-06,30.8,0.3,44.7
2023-06-07,21.4,2.9,89.9
2023-06-08,30.9,0.4,56.3
2023-06-09,36.1,1.3,77.4
2023-06-10,33.2,2.1,80.3
2023-06-11,30.1,6.2,82.9
2023-06-12,35.7,2.0,89.9
2023-06-13,36.7,3.6,52.1
2023-06-14,38.8,14.8,42.0
2023-06-15,31.5,0.4,60.6
2023-06-16,23.3,1.0,46.5
2023-06-17,26.5,1.5,41.1
2023-06-18,37.1,1.6,58.0
2023-06-19,16.8,1.6,79.2
2023-06-20,28.7,7.1,68.3
2023-06-21,21.1,3.8,55.6
2023-06-22,25.3,2.8,72.7
2023-06-23,37.8,1.1,51.6
2023-06-24,26.9,5.2,40.7
2023-06-25,25.5,9.3,78.2
2023-06-26,11.4,5.2,71.2
2023-06-27,32.5,0.0,78.1
2023-06-28,31.5,3.0,41.9
2023-06-29,46.6,0.2,81.9
2023-06-30,21.9,0.9,71.0
2023-07-01,27.2,0.2,68.2
2023-07-02,27.5,2.8,71.2
2023-07-03,40.8,3.5,83.2
2023-07-04,24.0,0.4,69.3
2023-07-05,27.8,1.5,69.0
2023-07-06,31.1,1.8,89.5
2023-07-07,26.9,1.4,77.8
2023-07-08,20.5,0.4,62.1
2023-07-09,26.9,1.6,75.4
2023-07-10,35.7,4.2,59.5
2023-07-11,14.7,0.2,51.4
2023-07-12,26.3,0.3,69.8
2023-07-13,18.0,1.3,86.4
2023-07-14,37.0,8.5,86.5
2023-07-15,9.8,3.3,57.1
2023-07-16,19.4,3.4,66.4
2023-07-17,28.8,1.3,50.6
2023-07-18,40.7,2.7,89.8
2023-07-19,24.3,0.0,89.1
2023-07-20,19.4,3.0,72.5
2023-07-21,43.8,7.3,80.2
2023-07-22,10.5,2.8,75.8
2023-07-23,3.0,6.2,69.7
2023-07-24,29.4,3.9,42.7
2023-07-25,20.0,0.4,62.7
2023-07-26,14.8,7.0,73.7
2023-07-27,32.1,0.2,73.9
2023-07-28,27.4,2.3,58.7
2023-07-29,19.4,0.5,87.1
2023-07-30,12.2,0.0,48.4
2023-07-31,33.7,1.6,65.0
2023-08-01,31.5,1.0,74.5
2023-08-02,24.0,2.0,74.9
2023-08-03,43.5,2.6,72.4
2023-08-04,14.3,0.1,53.8
2023-08-05,9.7,0.4,47.8
2023-08-06,18.1,2.5,71.8
2023-08-07,24.5,1.3,70.0
2023-08-08,27.4,3.9,49.0
2023-08-09,22.6,3.2,75.3
2023-08-10,28.5,5.6,62.8
2023-08-11,12.5,3.5,73.4
2023-08-12,39.4,1.7,81.9
2023-08-13,24.2,3.4,48.5
2023-08-14,36.2,1.0,41.0
2023-08-15,28.4,1.1,79.0
2023-08-16,29.6,4.7,70.5
2023-08-17,30.7,1.8,75.0
2023-08-18,29.5,4.8,81.9
2023-08-19,31.4,5.2,80.1
2023-08-20,38.3,5.8,88.0
2023-08-21,27.0,7.5,66.8
2023-08-22,32.1,1.7,64.4
2023-08-23,24.1,1.2,60.1
2023-08-24,39.4,2.6,47.7
2023-08-25,18.2,1.4,68.6
2023-08-26,43.0,2.8,53.9
2023-08-27,24.6,3.7,86.1
2023-08-28,10.7,3.5,69.2
2023-08-29,26.3,1.4,69.6
2023-08-30,18.2,0.5,57.7
2023-08-31,33.4,1.7,42.6
2023-09-01,18.5,0.5,41.6
2023-09-02,20.5,6.6,61.2
2023-09-03,6.1,1.3,44.2
2023-09-04,20.5,0.5,70.3
2023-09-05,0.8,0.1,84.0
2023-09-06,9.2,3.1,84.1
2023-09-07,32.6,3.0,73.0
2023-09-08,32.9,1.2,50.6
2023-09-09,29.3,0.2,83.1
2023-09-10,15.3,1.6,84.3
2023-09-11,24.5,1.1,49.8
2023-09-12,25.0,3.4,76.9
2023-09-13,13.4,2.8,54.3
2023-09-14,40.0,1.4,80.1
2023-09-15,33.8,0.7,89.9
2023-09-16,22.8,13.3,41.5
2023-09-17,25.3,1.8,84.9
2023-09-18,27.1,3.5,71.1
2023-09-19,4.6,0.5,88.7
2023-09-20,22.5,2.0,63.3
2023-09-21,18.2,0.1,82.4
2023-09-22,15.0,2.1,43.1
2023-09-23,22.2,10.0,56.8
2023-09-24,43.0,1.5,43.4
2023-09-25,31.4,0.1,88.8
2023-09-26,19.3,0.1,80.8
2023-09-27,30.7,1.5,82.6
2023-09-28,39.0,0.5,86.9
2023-09-29,34.2,0.1,44.3
2023-09-30,25.6,4.2,59.3
2023-10-01,18.5,1.8,43.6
2023-10-02,32.0,1.0,50.5
2023-10-03,28.9,6.9,51.5
2023-10-04,34.0,0.4,63.5
2023-10-05,31.4,9.4,53.4
2023-10-06,35.5,1.1,45.0
2023-10-07,19.6,6.6,48.4
2023-10-08,38.2,2.8,47.4
2023-10-09,27.0,5.3,88.7
2023-10-10,45.8,12.4,78.0
2023-10-11,18.1,1.0,88.4
2023-10-12,42.4,9.7,62.0
2023-10-13,27.0,1.5,53.9
2023-10-14,18.5,1.5,79.9
2023-10-15,20.2,1.2,56.3
2023-10-16,21.8,2.3,55.0
2023-10-17,29.2,0.5,51.6
2023-10-18,30.2,2.4,46.5
2023-10-19,19.3,2.3,52.8
2023-10-20,24.8,4.3,57.8
2023-10-21,46.4,5.4,73.7
2023-10-22,42.3,1.7,43.1
2023-10-23,29.4,1.1,50.5
2023-10-24,25.4,0.9,80.5
2023-10-25,26.2,0.6,47.3
2023-10-26,31.1,0.2,57.1
2023-10-27,14.8,1.3,83.2
2023-10-28,22.4,0.9,47.7
2023-10-29,8.3,10.2,44.1
2023-10-30,29.0,2.4,64.2
2023-10-31,31.5,1.3,55.1
2023-11-01,20.2,2.6,68.2
2023-11-02,40.7,0.4,80.2
2023-11-03,12.7,1.8,46.9
2023-11-04,10.4,3.0,69.0
2023-11-05,27.2,2.0,65.3
2023-11-06,35.5,1.5,47.2
2023-11-07,41.8,15.3,71.2
2023-11-08,20.4,6.4,53.7
2023-11-09,35.8,2.9,64.4
2023-11-10,24.6,2.5,44.1
2023-11-11,23.3,2.9,63.0
2023-11-12,33.8,0.7,55.3
2023-11-13,31.5,1.5,81.1
2023-11-14,9.2,0.1,42.8
2023-11-15,39.8,1.9,60.9
2023-11-16,38.8,2.3,62.9
2023-11-17,18.7,0.8,76.3
2023-11-18,29.0,10.0,68.7
2023-11-19,29.9,7.2,73.4
2023-11-20,27.6,3.8,78.9
2023-11-21,19.5,2.3,83.1
2023-11-22,18.3,6.1,55.7
2023-11-23,24.7,0.4,66.9
2023-11-24,36.7,4.7,82.0
2023-11-25,30.4,0.4,89.5
2023-11-26,21.3,4.7,84.5
2023-11-27,32.7,1.0,58.6
2023-11-28,-3.5,6.3,49.8
2023-11-29,36.5,8.6,64.5
2023-11-30,7.6,0.5,77.1
2023-12-01,21.4,1.9,64.6
2023-12-02,13.8,11.9,64.2
2023-12-03,12.1,2.0,81.9
2023-12-04,36.6,6.0,58.1
2023-12-05,20.3,2.7,83.0
2023-12-06,28.5,1.4,60.3
2023-12-07,24.5,1.0,56.4
2023-12-08,29.8,0.7,62.7
2023-12-09,25.8,4.3,78.1
2023-12-10,12.2,1.5,46.3
2023-12-11,35.0,2.1,49.8
2023-12-12,20.1,2.0,87.6
2023-12-13,9.4,2.6,48.8
2023-12-14,20.7,6.0,68.4
2023-12-15,40.0,11.8,69.0
2023-12-16,33.5,1.6,64.5
2023-12-17,21.5,5.3,72.2
2023-12-18,21.5,4.3,51.5
2023-12-19,21.8,2.6,67.6
2023-12-20,45.8,9.4,58.6
2023-12-21,28.8,0.7,73.1
2023-12-22,29.3,0.3,47.1
2023-12-23,35.3,5.8,68.5
2023-12-24,27.4,1.7,49.3
2023-12-25,22.4,5.6,53.9
2023-12-26,23.0,6.7,50.9
2023-12-27,24.3,0.2,49.1
2023-12-28,24.6,6.4,81.3
2023-12-29,32.3,1.8,54.3
2023-12-30,25.5,2.1,86.4
2023-12-31,32.3,3.0,88.5
